{
  "index": "/index.html",
  "assetGroups": [
    {
      "name": "app",
      "installMode": "prefetch",
      "resources": {
        "files": [
          "/favicon.ico",
          "/index.html",
          "/*.css",
          "/*.js"
        ]
      }
    }, {
      "name": "assets",
      "installMode": "lazy",
      "updateMode": "prefetch",
      "resources": {
        "files": [
          "/assets/**"
        ]
      }
    }
  ],
  "dataGroups": [
    {
      "name": "from-api",
      "urls": [
        "/customerMktAndPolicies.php", 
        "/customerHorse.php", 
        "/customerAnimals.php",
        "/contactUs.php",
        "/customerPrivacyPolicy.php"
      ],
      "cacheConfig": {
        "strategy": "freshness",
        "maxSize": 100,
        "maxAge": "7d",
        "timeout": "5s"
      }
    }
  ]
}
